step,tag,value
0,train/reward,0.4823397994041443
0,train/actor_loss,0.010772565379738808
0,train/critic_loss,2.8234691619873047
0,train/entropy,5.682132244110107
0,train/episode_length_steps,64.56331899342507
0,train/fps,3705.6568094024965
10,train/reward,0.4620375633239746
10,train/actor_loss,-0.021702507510781288
10,train/critic_loss,0.4713989198207855
10,train/entropy,5.30034875869751
10,train/episode_length_steps,64.46805216107582
10,train/fps,25979.507965622342
20,train/reward,0.5331381559371948
20,train/actor_loss,-0.018861254677176476
20,train/critic_loss,1.2808712720870972
20,train/entropy,4.638633728027344
20,train/episode_length_steps,79.14349426565194
20,train/fps,37445.11109979871
30,train/reward,0.6004794239997864
30,train/actor_loss,-0.013114163652062416
30,train/critic_loss,3.9104881286621094
30,train/entropy,4.055278778076172
30,train/episode_length_steps,106.55124724790304
30,train/fps,43883.33244067176
40,train/reward,0.6734174489974976
40,train/actor_loss,-0.009145036339759827
40,train/critic_loss,9.167019844055176
40,train/entropy,3.5705089569091797
40,train/episode_length_steps,140.0145812059959
40,train/fps,48010.01222996692
50,train/reward,0.7751809358596802
50,train/actor_loss,-0.008037877269089222
50,train/critic_loss,12.391324996948242
50,train/entropy,3.144798517227173
50,train/episode_length_steps,218.40562189721115
50,train/fps,51578.417276976375
60,train/reward,0.8432677984237671
60,train/actor_loss,-0.006872837897390127
60,train/critic_loss,13.219120979309082
60,train/entropy,2.7638113498687744
60,train/episode_length_steps,256.93788752393425
60,train/fps,53079.06609614032
70,train/reward,0.9095335006713867
70,train/actor_loss,-0.005878122989088297
70,train/critic_loss,13.914473533630371
70,train/entropy,2.445345640182495
70,train/episode_length_steps,335.1101699227823
70,train/fps,55229.0260670365
80,train/reward,0.9522233009338379
80,train/actor_loss,-0.0025826620403677225
80,train/critic_loss,13.44227123260498
80,train/entropy,2.1205832958221436
80,train/episode_length_steps,376.50187111134966
80,train/fps,56582.831311984504
90,train/reward,1.000459909439087
90,train/actor_loss,-0.003719969419762492
90,train/critic_loss,12.410598754882812
90,train/entropy,1.7900631427764893
90,train/episode_length_steps,415.92851878471697
90,train/fps,57925.296159069636
100,train/reward,1.0267876386642456
100,train/actor_loss,-0.0006372742354869843
100,train/critic_loss,10.312159538269043
100,train/entropy,1.4468425512313843
100,train/episode_length_steps,467.89525726014426
100,train/fps,58680.17903246975
110,train/reward,1.070770263671875
110,train/actor_loss,-3.404594099265523e-05
110,train/critic_loss,8.380571365356445
110,train/entropy,1.1352074146270752
110,train/episode_length_steps,485.2163026991578
110,train/fps,59367.46879778568
120,train/reward,1.0884809494018555
120,train/actor_loss,0.0001125893322750926
120,train/critic_loss,5.670948505401611
120,train/entropy,0.8474354147911072
120,train/episode_length_steps,626.745699462584
120,train/fps,60288.762953002035
130,train/reward,1.1237140893936157
130,train/actor_loss,0.002394953276962042
130,train/critic_loss,4.232715606689453
130,train/entropy,0.5550374984741211
130,train/episode_length_steps,635.8672602255715
130,train/fps,60815.1239625451
140,train/reward,1.1365147829055786
140,train/actor_loss,0.003230988746508956
140,train/critic_loss,3.432687759399414
140,train/entropy,0.25167402625083923
140,train/episode_length_steps,595.4270735573396
140,train/fps,61516.75443907062
150,train/reward,1.1675794124603271
150,train/actor_loss,0.00487712724134326
150,train/critic_loss,2.518883466720581
150,train/entropy,-0.03978506475687027
150,train/episode_length_steps,620.8086699810817
150,train/fps,61892.21873857538
160,train/reward,1.1983225345611572
160,train/actor_loss,0.00709878746420145
160,train/critic_loss,0.9897452592849731
160,train/entropy,-0.3293221592903137
160,train/episode_length_steps,587.4215492497611
160,train/fps,62492.96542910511
170,train/reward,1.222084879875183
170,train/actor_loss,0.004598218481987715
170,train/critic_loss,0.5874341130256653
170,train/entropy,-0.6094837188720703
170,train/episode_length_steps,700.4288416623831
170,train/fps,62800.55349079966
180,train/reward,1.2462971210479736
180,train/actor_loss,0.008763348683714867
180,train/critic_loss,0.820767343044281
180,train/entropy,-0.9053889513015747
180,train/episode_length_steps,739.9718102535958
180,train/fps,63201.084556880975
190,train/reward,1.258394479751587
190,train/actor_loss,0.010538274422287941
190,train/critic_loss,0.6208330988883972
190,train/entropy,-1.1614856719970703
190,train/episode_length_steps,903.12844929582
190,train/fps,63442.972617771564
200,train/reward,1.2689199447631836
200,train/actor_loss,0.012757203541696072
200,train/critic_loss,0.4369373321533203
200,train/entropy,-1.411401391029358
200,train/episode_length_steps,890.8519337098286
200,train/fps,63647.06649707228
210,train/reward,1.2815570831298828
210,train/actor_loss,0.010762435384094715
210,train/critic_loss,0.1980610340833664
210,train/entropy,-1.6600509881973267
210,train/episode_length_steps,1007.2306174500739
210,train/fps,64033.39106667119
220,train/reward,1.2940492630004883
220,train/actor_loss,0.011063273064792156
220,train/critic_loss,0.1356036216020584
220,train/entropy,-1.9161001443862915
220,train/episode_length_steps,999.549519430452
220,train/fps,64093.31395804727
230,train/reward,1.3022925853729248
230,train/actor_loss,0.014467179775238037
230,train/critic_loss,0.1083046942949295
230,train/entropy,-2.228719472885132
230,train/episode_length_steps,873.0504502092679
230,train/fps,64421.7246841464
240,train/reward,1.3128795623779297
240,train/actor_loss,0.01208543311804533
240,train/critic_loss,0.16830436885356903
240,train/entropy,-2.5136005878448486
240,train/episode_length_steps,935.352867349791
240,train/fps,64559.40115828305
250,train/reward,1.3241499662399292
250,train/actor_loss,0.015339198522269726
250,train/critic_loss,0.08307313174009323
250,train/entropy,-2.767697811126709
250,train/episode_length_steps,969.9619640403653
250,train/fps,64808.80606279254
260,train/reward,1.331694483757019
260,train/actor_loss,0.020253462716937065
260,train/critic_loss,0.07379784435033798
260,train/entropy,-3.005880832672119
260,train/episode_length_steps,1047.4776400860692
260,train/fps,64867.79703936785
270,train/reward,1.3371944427490234
270,train/actor_loss,0.023846067488193512
270,train/critic_loss,0.05854494497179985
270,train/entropy,-3.22269868850708
270,train/episode_length_steps,1022.9524966434373
270,train/fps,64764.56506066926
280,train/reward,1.3422980308532715
280,train/actor_loss,0.028614595532417297
280,train/critic_loss,0.05912331864237785
280,train/entropy,-3.4497838020324707
280,train/episode_length_steps,1470.5533890583072
280,train/fps,64825.20062310459
290,train/reward,1.3232269287109375
290,train/actor_loss,0.01670384407043457
290,train/critic_loss,5.004197597503662
290,train/entropy,-3.5596249103546143
290,train/episode_length_steps,410.71525620670366
290,train/fps,64806.46875041566
300,train/reward,1.3097546100616455
300,train/actor_loss,0.03189783915877342
300,train/critic_loss,0.2137182205915451
300,train/entropy,-3.551422119140625
300,train/episode_length_steps,1007.2306174500739
300,train/fps,64621.09574293006
310,train/reward,1.3220163583755493
310,train/actor_loss,0.048095788806676865
310,train/critic_loss,0.1506066769361496
310,train/entropy,-3.5976498126983643
310,train/episode_length_steps,1082.0675309469727
310,train/fps,64631.92670039942
320,train/reward,1.3383231163024902
320,train/actor_loss,0.03629174828529358
320,train/critic_loss,0.2793072760105133
320,train/entropy,-3.655855894088745
320,train/episode_length_steps,2043.814268378361
320,train/fps,64466.14218391242
330,train/reward,1.325036644935608
330,train/actor_loss,0.02623785100877285
330,train/critic_loss,0.13872677087783813
330,train/entropy,-3.742048978805542
330,train/episode_length_steps,1039.1729644539928
330,train/fps,64487.90086542202
340,train/reward,1.3242602348327637
340,train/actor_loss,0.027828890830278397
340,train/critic_loss,0.1619310975074768
340,train/entropy,-3.8408825397491455
340,train/episode_length_steps,915.7480494521833
340,train/fps,64453.001090843165
350,train/reward,1.3342729806900024
350,train/actor_loss,0.023146657273173332
350,train/critic_loss,0.10002049058675766
350,train/entropy,-3.986499547958374
350,train/episode_length_steps,1270.9263799759592
350,train/fps,64393.865123674645
360,train/reward,1.3238801956176758
360,train/actor_loss,0.03858534246683121
360,train/critic_loss,0.18540063500404358
360,train/entropy,-4.093329906463623
360,train/episode_length_steps,735.817724153145
360,train/fps,64510.892188395075
370,train/reward,1.3178472518920898
370,train/actor_loss,0.05479239299893379
370,train/critic_loss,0.17875243723392487
370,train/entropy,-4.165065765380859
370,train/episode_length_steps,798.5812704616955
370,train/fps,64505.70946560298
380,train/reward,1.33250093460083
380,train/actor_loss,0.030141746625304222
380,train/critic_loss,0.09795309603214264
380,train/entropy,-4.322673320770264
380,train/episode_length_steps,803.4766056095065
380,train/fps,64593.47593594705
390,train/reward,1.3198429346084595
390,train/actor_loss,0.03772639483213425
390,train/critic_loss,0.3797247111797333
390,train/entropy,-4.350101947784424
390,train/episode_length_steps,620.8086699810817
390,train/fps,64625.13992234664
400,train/reward,1.3175666332244873
400,train/actor_loss,0.044737886637449265
400,train/critic_loss,0.3221297562122345
400,train/entropy,-4.241515636444092
400,train/episode_length_steps,689.3770629978882
400,train/fps,64619.044148344175
410,train/reward,1.3144221305847168
410,train/actor_loss,0.05111267790198326
410,train/critic_loss,0.2337895929813385
410,train/entropy,-4.251339912414551
410,train/episode_length_steps,774.9729156804493
410,train/fps,64731.15405048751
420,train/reward,1.3174152374267578
420,train/actor_loss,0.0531066358089447
420,train/critic_loss,0.3973584473133087
420,train/entropy,-4.170020580291748
420,train/episode_length_steps,765.9158472401787
420,train/fps,64735.82489647585
430,train/reward,1.312588095664978
430,train/actor_loss,0.049002695828676224
430,train/critic_loss,0.5398057699203491
430,train/entropy,-4.0803656578063965
430,train/episode_length_steps,793.7452256108409
430,train/fps,64822.903179731904
440,train/reward,1.3154125213623047
440,train/actor_loss,0.04792032390832901
440,train/critic_loss,0.5078068375587463
440,train/entropy,-4.016434669494629
440,train/episode_length_steps,855.9464665668899
440,train/fps,64838.26455991976
450,train/reward,1.3246737718582153
450,train/actor_loss,0.02981588803231716
450,train/critic_loss,0.37185850739479065
450,train/entropy,-3.990840196609497
450,train/episode_length_steps,873.0504502092679
450,train/fps,64841.60391080821
460,train/reward,1.3180601596832275
460,train/actor_loss,0.031086985021829605
460,train/critic_loss,0.6718004941940308
460,train/entropy,-3.964273452758789
460,train/episode_length_steps,867.2736735434524
460,train/fps,64942.81758509413
470,train/reward,1.3277875185012817
470,train/actor_loss,0.03062829189002514
470,train/critic_loss,0.3004971444606781
470,train/entropy,-3.947136640548706
470,train/episode_length_steps,1119.0198959333352
470,train/fps,64944.03743719052
480,train/reward,1.3352317810058594
480,train/actor_loss,0.02301972173154354
480,train/critic_loss,0.13307632505893707
480,train/entropy,-4.045487880706787
480,train/episode_length_steps,991.9846862364063
480,train/fps,65037.091601198226
490,train/reward,1.3310527801513672
490,train/actor_loss,0.022005071863532066
490,train/critic_loss,0.21433119475841522
490,train/entropy,-4.072400093078613
490,train/episode_length_steps,890.8519337098286
490,train/fps,65009.31341178972
500,train/reward,1.3303295373916626
500,train/actor_loss,0.02376081608235836
500,train/critic_loss,0.19309934973716736
500,train/entropy,-4.1626386642456055
500,train/episode_length_steps,828.8820049231059
500,train/fps,64938.51625147691
510,train/reward,1.3417377471923828
510,train/actor_loss,0.03223838284611702
510,train/critic_loss,0.1889108270406723
510,train/entropy,-4.316733360290527
510,train/episode_length_steps,1190.1455022611601
510,train/fps,64871.90222102989
520,train/reward,1.3399285078048706
520,train/actor_loss,0.023647848516702652
520,train/critic_loss,0.13061748445034027
520,train/entropy,-4.4116973876953125
520,train/episode_length_steps,1015.0306813839508
520,train/fps,64877.576344072484
530,train/reward,1.3422307968139648
530,train/actor_loss,0.022245198488235474
530,train/critic_loss,0.12250788509845734
530,train/entropy,-4.565979957580566
530,train/episode_length_steps,962.8367577976614
530,train/fps,64951.146153525035
540,train/reward,1.3493080139160156
540,train/actor_loss,0.023501886054873466
540,train/critic_loss,0.11572551727294922
540,train/entropy,-4.63347864151001
540,train/episode_length_steps,1128.6557313446654
540,train/fps,64915.969351697226
550,train/reward,1.343343734741211
550,train/actor_loss,0.02465251460671425
550,train/critic_loss,0.26380157470703125
550,train/entropy,-4.6278276443481445
550,train/episode_length_steps,1073.207643669909
550,train/fps,64905.51334654831
560,train/reward,1.3417017459869385
560,train/actor_loss,0.02365456521511078
560,train/critic_loss,0.18502339720726013
560,train/entropy,-4.68253755569458
560,train/episode_length_steps,823.6732044386656
560,train/fps,64945.06565755423
570,train/reward,1.3497693538665771
570,train/actor_loss,0.028580445796251297
570,train/critic_loss,0.23120558261871338
570,train/entropy,-4.713059425354004
570,train/episode_length_steps,1270.9263799759592
570,train/fps,64780.86831143988
580,train/reward,1.3457175493240356
580,train/actor_loss,0.023795654997229576
580,train/critic_loss,0.08228907734155655
580,train/entropy,-4.7999067306518555
580,train/episode_length_steps,991.9846862364063
580,train/fps,64084.690977608174
590,train/reward,1.3443750143051147
590,train/actor_loss,0.029947374016046524
590,train/critic_loss,0.08407800644636154
590,train/entropy,-4.943309783935547
590,train/episode_length_steps,1148.4339689720955
590,train/fps,62576.5910290033
600,train/reward,1.3490850925445557
600,train/actor_loss,0.02125154249370098
600,train/critic_loss,0.08368947356939316
600,train/entropy,-5.108222961425781
600,train/episode_length_steps,1082.0675309469727
600,train/fps,61991.61019877376
610,train/reward,1.3439708948135376
610,train/actor_loss,0.025959303602576256
610,train/critic_loss,0.10175787657499313
610,train/entropy,-5.262715816497803
610,train/episode_length_steps,896.9481863514969
610,train/fps,61014.893418644584
620,train/reward,1.3468506336212158
620,train/actor_loss,0.031901080161333084
620,train/critic_loss,0.07677903026342392
620,train/entropy,-5.2631025314331055
620,train/episode_length_steps,909.3944711658012
620,train/fps,60791.22315859613
630,train/reward,1.3458771705627441
630,train/actor_loss,0.03508533909916878
630,train/critic_loss,0.15708640217781067
630,train/entropy,-5.2711968421936035
630,train/episode_length_steps,928.7253199635585
630,train/fps,60450.793419590686
640,train/reward,1.3405907154083252
640,train/actor_loss,0.03095264732837677
640,train/critic_loss,0.3762389123439789
640,train/entropy,-5.070024013519287
640,train/episode_length_steps,735.817724153145
640,train/fps,60063.08669279682
650,train/reward,1.3429076671600342
650,train/actor_loss,0.028416967019438744
650,train/critic_loss,0.38840383291244507
650,train/entropy,-4.954266548156738
650,train/episode_length_steps,770.4177635464497
650,train/fps,59940.33349232083
660,train/reward,1.3429474830627441
660,train/actor_loss,0.020948395133018494
660,train/critic_loss,0.18884776532649994
660,train/entropy,-4.89532995223999
660,train/episode_length_steps,922.191032232558
660,train/fps,59818.901844359265
670,train/reward,1.347215175628662
670,train/actor_loss,0.02552979066967964
670,train/critic_loss,0.10030119866132736
670,train/entropy,-4.920201778411865
670,train/episode_length_steps,903.12844929582
670,train/fps,59742.74002740065
680,train/reward,1.3445262908935547
680,train/actor_loss,0.02270638756453991
680,train/critic_loss,0.09277264028787613
680,train/entropy,-4.979503154754639
680,train/episode_length_steps,861.5728416085835
680,train/fps,59222.56625262773
690,train/reward,1.3417351245880127
690,train/actor_loss,0.024776054546236992
690,train/critic_loss,0.14293520152568817
690,train/entropy,-5.0536699295043945
690,train/episode_length_steps,878.9046993506491
690,train/fps,58323.74850201933
700,train/reward,1.3389418125152588
700,train/actor_loss,0.02433839812874794
700,train/critic_loss,0.12869295477867126
700,train/entropy,-5.119838237762451
700,train/episode_length_steps,1128.6557313446654
700,train/fps,58060.60920622435
710,train/reward,1.3378242254257202
710,train/actor_loss,0.02713829278945923
710,train/critic_loss,0.1332419216632843
710,train/entropy,-5.170892238616943
710,train/episode_length_steps,855.9464665668899
710,train/fps,58037.62195725915
720,train/reward,1.3456952571868896
720,train/actor_loss,0.031771428883075714
720,train/critic_loss,0.09015050530433655
720,train/entropy,-5.209350109100342
720,train/episode_length_steps,1168.9177465457567
720,train/fps,57990.47518781128
730,train/reward,1.354079246520996
730,train/actor_loss,0.025657495483756065
730,train/critic_loss,0.12663160264492035
730,train/entropy,-5.2394633293151855
730,train/episode_length_steps,1168.9177465457567
730,train/fps,57899.33045274105
740,train/reward,1.34939444065094
740,train/actor_loss,0.022752076387405396
740,train/critic_loss,0.07656541466712952
740,train/entropy,-5.27766752243042
740,train/episode_length_steps,948.8958429280851
740,train/fps,57831.335143437725
750,train/reward,1.3513723611831665
750,train/actor_loss,0.02628043293952942
750,train/critic_loss,0.10023261606693268
750,train/entropy,-5.294154644012451
750,train/episode_length_steps,999.549519430452
750,train/fps,57807.38914352983
760,train/reward,1.352980375289917
760,train/actor_loss,0.020760614424943924
760,train/critic_loss,0.07258576899766922
760,train/entropy,-5.332326412200928
760,train/episode_length_steps,1246.7484398903493
760,train/fps,57733.79744003657
770,train/reward,1.3524638414382935
770,train/actor_loss,0.025134388357400894
770,train/critic_loss,0.1180894747376442
770,train/entropy,-5.3780646324157715
770,train/episode_length_steps,999.549519430452
770,train/fps,57639.883760834506
780,train/reward,1.3461464643478394
780,train/actor_loss,0.02573534846305847
780,train/critic_loss,0.16068783402442932
780,train/entropy,-5.370131969451904
780,train/episode_length_steps,844.9113276288067
780,train/fps,57626.62197013358
790,train/reward,1.352200984954834
790,train/actor_loss,0.02246040664613247
790,train/critic_loss,0.11216384172439575
790,train/entropy,-5.388487339019775
790,train/episode_length_steps,1082.0675309469727
790,train/fps,57270.890668537344
800,train/reward,1.350066065788269
800,train/actor_loss,0.025161564350128174
800,train/critic_loss,0.08551574498414993
800,train/entropy,-5.403700351715088
800,train/episode_length_steps,999.549519430452
800,train/fps,57154.36804050028
810,train/reward,1.3535581827163696
810,train/actor_loss,0.0253162682056427
810,train/critic_loss,0.1349962204694748
810,train/entropy,-5.4739532470703125
810,train/episode_length_steps,922.191032232558
810,train/fps,56765.384918000935
820,train/reward,1.3559364080429077
820,train/actor_loss,0.023137249052524567
820,train/critic_loss,0.10986626148223877
820,train/entropy,-5.560275554656982
820,train/episode_length_steps,1109.547198555855
820,train/fps,55655.2829818841
830,train/reward,1.3476365804672241
830,train/actor_loss,0.026392335072159767
830,train/critic_loss,0.08278550207614899
830,train/entropy,-5.639469146728516
830,train/episode_length_steps,861.5728416085835
830,train/fps,55267.00110661877
840,train/reward,1.3518370389938354
840,train/actor_loss,0.029858067631721497
840,train/critic_loss,0.09996694326400757
840,train/entropy,-5.6885294914245605
840,train/episode_length_steps,1119.0198959333352
840,train/fps,54831.859125307245
850,train/reward,1.3517930507659912
850,train/actor_loss,0.025196824222803116
850,train/critic_loss,0.060697317123413086
850,train/entropy,-5.718372344970703
850,train/episode_length_steps,1064.4916662465182
850,train/fps,54551.5046964454
860,train/reward,1.3507192134857178
860,train/actor_loss,0.028871435672044754
860,train/critic_loss,0.08551222085952759
860,train/entropy,-5.7846221923828125
860,train/episode_length_steps,922.191032232558
860,train/fps,54480.56657587043
870,train/reward,1.3506438732147217
870,train/actor_loss,0.02890481986105442
870,train/critic_loss,0.05224953964352608
870,train/entropy,-5.836794853210449
870,train/episode_length_steps,922.191032232558
870,train/fps,54086.24088897587
880,train/reward,1.3538568019866943
880,train/actor_loss,0.029330089688301086
880,train/critic_loss,0.10179660469293594
880,train/entropy,-5.878701210021973
880,train/episode_length_steps,1082.0675309469727
880,train/fps,54024.58005873385
890,train/reward,1.3542540073394775
890,train/actor_loss,0.025785034522414207
890,train/critic_loss,0.07593900710344315
890,train/entropy,-5.945231914520264
890,train/episode_length_steps,977.1934127239363
890,train/fps,54047.455678057355
900,train/reward,1.3515102863311768
900,train/actor_loss,0.03348977491259575
900,train/critic_loss,0.06587598472833633
900,train/entropy,-5.9811859130859375
900,train/episode_length_steps,844.9113276288067
900,train/fps,54059.635543870805
910,train/reward,1.3530700206756592
910,train/actor_loss,0.02621716633439064
910,train/critic_loss,0.06952034682035446
910,train/entropy,-5.938518047332764
910,train/episode_length_steps,1007.2306174500739
910,train/fps,54069.64883246378
920,train/reward,1.363716959953308
920,train/actor_loss,0.0290757417678833
920,train/critic_loss,0.027185792103409767
920,train/entropy,-6.027969837188721
920,train/episode_length_steps,999.549519430452
920,train/fps,54069.30072443179
930,train/reward,1.355514407157898
930,train/actor_loss,0.031077314168214798
930,train/critic_loss,0.033988457173109055
930,train/entropy,-6.155505657196045
930,train/episode_length_steps,890.8519337098286
930,train/fps,54055.7175140868
940,train/reward,1.3595815896987915
940,train/actor_loss,0.02957090549170971
940,train/critic_loss,0.030465660616755486
940,train/entropy,-6.293288707733154
940,train/episode_length_steps,903.12844929582
940,train/fps,53811.3599609399
950,train/reward,1.3628296852111816
950,train/actor_loss,0.032287515699863434
950,train/critic_loss,0.028628677129745483
950,train/entropy,-6.375354766845703
950,train/episode_length_steps,1322.2090446071238
950,train/fps,53606.66804156273
960,train/reward,1.3564229011535645
960,train/actor_loss,0.027197733521461487
960,train/critic_loss,0.06235763430595398
960,train/entropy,-6.4588518142700195
960,train/episode_length_steps,922.191032232558
960,train/fps,53386.95476443787
970,train/reward,1.359771966934204
970,train/actor_loss,0.0286707766354084
970,train/critic_loss,0.04963790997862816
970,train/entropy,-6.551184177398682
970,train/episode_length_steps,1258.7213161504762
970,train/fps,53179.700673477026
980,train/reward,1.3642741441726685
980,train/actor_loss,0.030271992087364197
980,train/critic_loss,0.020174665376544
980,train/entropy,-6.647164821624756
980,train/episode_length_steps,1168.9177465457567
980,train/fps,53092.19401277643
990,train/reward,1.3643302917480469
990,train/actor_loss,0.03550398722290993
990,train/critic_loss,0.020813897252082825
990,train/entropy,-6.700674533843994
990,train/episode_length_steps,1064.4916662465182
990,train/fps,53037.17816246372
1000,train/reward,1.362408995628357
1000,train/actor_loss,0.03502728417515755
1000,train/critic_loss,0.05173392966389656
1000,train/entropy,-6.796573162078857
1000,train/episode_length_steps,1015.0306813839508
1000,train/fps,52845.20970691189
1000,eval/med_figure8_normal,0.09055064618587494
1010,train/reward,1.3642151355743408
1010,train/actor_loss,0.030721930786967278
1010,train/critic_loss,0.02117065154016018
1010,train/entropy,-6.87977933883667
1010,train/episode_length_steps,1270.9263799759592
1010,train/fps,41322.224150536495
1020,train/reward,1.3607182502746582
1020,train/actor_loss,0.04379577934741974
1020,train/critic_loss,0.0216444730758667
1020,train/entropy,-6.976927280426025
1020,train/episode_length_steps,984.5334979350276
1020,train/fps,41353.70560068484
1030,train/reward,1.3585529327392578
1030,train/actor_loss,0.026190761476755142
1030,train/critic_loss,0.0567496120929718
1030,train/entropy,-7.025345802307129
1030,train/episode_length_steps,873.0504502092679
1030,train/fps,41398.16381751911
1040,train/reward,1.3499431610107422
1040,train/actor_loss,0.07793531566858292
1040,train/critic_loss,1.2102211713790894
1040,train/entropy,-6.780874729156494
1040,train/episode_length_steps,991.9846862364063
1040,train/fps,41439.04811014564
1050,train/reward,1.3254525661468506
1050,train/actor_loss,0.074152372777462
1050,train/critic_loss,0.5070722699165344
1050,train/entropy,-6.416484832763672
1050,train/episode_length_steps,884.8379899660755
1050,train/fps,41312.86383594154
1060,train/reward,1.3387502431869507
1060,train/actor_loss,0.07799886912107468
1060,train/critic_loss,0.22332070767879486
1060,train/entropy,-6.175861358642578
1060,train/episode_length_steps,770.4177635464497
1060,train/fps,41389.70856771172
1070,train/reward,1.3478140830993652
1070,train/actor_loss,0.034383952617645264
1070,train/critic_loss,1.7667629718780518
1070,train/entropy,-6.055195331573486
1070,train/episode_length_steps,935.352867349791
1070,train/fps,41212.08635543547
1080,train/reward,1.3495348691940308
1080,train/actor_loss,0.03711065277457237
1080,train/critic_loss,1.1757229566574097
1080,train/entropy,-5.9354777336120605
1080,train/episode_length_steps,719.6575442107978
1080,train/fps,41045.64753454785
1090,train/reward,1.3485866785049438
1090,train/actor_loss,0.03625677525997162
1090,train/critic_loss,0.6568240523338318
1090,train/entropy,-5.820623397827148
1090,train/episode_length_steps,935.352867349791
1090,train/fps,41095.5678215171
1100,train/reward,1.3487741947174072
1100,train/actor_loss,0.03490215167403221
1100,train/critic_loss,0.3563176691532135
1100,train/entropy,-5.7191691398620605
1100,train/episode_length_steps,739.9718102535958
1100,train/fps,40957.22440454084
1110,train/reward,1.3507351875305176
1110,train/actor_loss,0.042546506971120834
1110,train/critic_loss,0.2590923309326172
1110,train/entropy,-5.682600498199463
1110,train/episode_length_steps,774.9729156804493
1110,train/fps,41013.54692502551
1120,train/reward,1.3484253883361816
1120,train/actor_loss,0.03698283061385155
1120,train/critic_loss,0.1647488921880722
1120,train/entropy,-5.645405292510986
1120,train/episode_length_steps,779.5822535408565
1120,train/fps,40973.62096450893
1130,train/reward,1.3530843257904053
1130,train/actor_loss,0.0257730670273304
1130,train/critic_loss,0.06698264181613922
1130,train/entropy,-5.590006351470947
1130,train/episode_length_steps,890.8519337098286
1130,train/fps,40978.21802941098
1140,train/reward,1.3520464897155762
1140,train/actor_loss,0.029248947277665138
1140,train/critic_loss,0.08676698058843613
1140,train/entropy,-5.57709264755249
1140,train/episode_length_steps,850.393099192874
1140,train/fps,40824.67999615416
1150,train/reward,1.345794439315796
1150,train/actor_loss,0.03361774608492851
1150,train/critic_loss,0.14237238466739655
1150,train/entropy,-5.521210670471191
1150,train/episode_length_steps,844.9113276288067
1150,train/fps,40809.288424798106
1160,train/reward,1.3454291820526123
1160,train/actor_loss,0.032661113888025284
1160,train/critic_loss,0.08026506751775742
1160,train/entropy,-5.448217868804932
1160,train/episode_length_steps,962.8367577976614
1160,train/fps,40888.46189766573
1170,train/reward,1.3578824996948242
1170,train/actor_loss,0.032530561089515686
1170,train/critic_loss,0.06821500509977341
1170,train/entropy,-5.514369010925293
1170,train/episode_length_steps,1190.1455022611601
1170,train/fps,40950.23992706019
1180,train/reward,1.3471183776855469
1180,train/actor_loss,0.03653395175933838
1180,train/critic_loss,0.04935573786497116
1180,train/entropy,-5.600386142730713
1180,train/episode_length_steps,779.5822535408565
1180,train/fps,40999.44271433268
1190,train/reward,1.3499953746795654
1190,train/actor_loss,0.026136472821235657
1190,train/critic_loss,0.03806288540363312
1190,train/entropy,-5.7222514152526855
1190,train/episode_length_steps,896.9481863514969
1190,train/fps,41077.49730971778
1200,train/reward,1.3622872829437256
1200,train/actor_loss,0.02651306428015232
1200,train/critic_loss,0.1082349419593811
1200,train/entropy,-5.860442161560059
1200,train/episode_length_steps,1007.2306174500739
1200,train/fps,41129.41417198867
1210,train/reward,1.3568260669708252
1210,train/actor_loss,0.032144591212272644
1210,train/critic_loss,0.06113908439874649
1210,train/entropy,-5.950199127197266
1210,train/episode_length_steps,855.9464665668899
1210,train/fps,41178.32133610016
1220,train/reward,1.3504915237426758
1220,train/actor_loss,0.032764144241809845
1220,train/critic_loss,0.026114119216799736
1220,train/entropy,-6.090625762939453
1220,train/episode_length_steps,867.2736735434524
1220,train/fps,41234.17995217631
1230,train/reward,1.3671245574951172
1230,train/actor_loss,0.029972130432724953
1230,train/critic_loss,0.0236882995814085
1230,train/entropy,-6.287354469299316
1230,train/episode_length_steps,1322.2090446071238
1230,train/fps,41309.4549723655
1240,train/reward,1.3605952262878418
1240,train/actor_loss,0.028643259778618813
1240,train/critic_loss,0.02342790737748146
1240,train/entropy,-6.521218299865723
1240,train/episode_length_steps,1022.9524966434373
1240,train/fps,41365.87065863722
1250,train/reward,1.3529510498046875
1250,train/actor_loss,0.020320100709795952
1250,train/critic_loss,0.15710531175136566
1250,train/entropy,-6.547377109527588
1250,train/episode_length_steps,632.7973815536474
1250,train/fps,41429.25030113156
1260,train/reward,1.361886739730835
1260,train/actor_loss,0.035407666116952896
1260,train/critic_loss,0.050448544323444366
1260,train/entropy,-6.4494309425354
1260,train/episode_length_steps,1470.5533890583072
1260,train/fps,41480.276268196016
1270,train/reward,1.3545222282409668
1270,train/actor_loss,0.03640703484416008
1270,train/critic_loss,0.11679399013519287
1270,train/entropy,-6.343146800994873
1270,train/episode_length_steps,1047.4776400860692
1270,train/fps,41580.68547233016
1280,train/reward,1.358005166053772
1280,train/actor_loss,0.028346074745059013
1280,train/critic_loss,0.06945277005434036
1280,train/entropy,-6.306260585784912
1280,train/episode_length_steps,896.9481863514969
1280,train/fps,41672.40368708523
1290,train/reward,1.3602064847946167
1290,train/actor_loss,0.030919089913368225
1290,train/critic_loss,0.1269308477640152
1290,train/entropy,-6.226705074310303
1290,train/episode_length_steps,1022.9524966434373
1290,train/fps,41769.199290104996
1300,train/reward,1.3528106212615967
1300,train/actor_loss,0.0369613952934742
1300,train/critic_loss,0.25758904218673706
1300,train/entropy,-6.06563138961792
1300,train/episode_length_steps,991.9846862364063
1300,train/fps,41883.47955364517
1310,train/reward,1.359534740447998
1310,train/actor_loss,0.029680786654353142
1310,train/critic_loss,0.1814599484205246
1310,train/entropy,-5.922942161560059
1310,train/episode_length_steps,1201.0511543403513
1310,train/fps,41979.84967365541
1320,train/reward,1.348949670791626
1320,train/actor_loss,0.044192101806402206
1320,train/critic_loss,1.2657898664474487
1320,train/entropy,-5.816155433654785
1320,train/episode_length_steps,991.9846862364063
1320,train/fps,42075.019686295316
1330,train/reward,1.3490619659423828
1330,train/actor_loss,0.0309815164655447
1330,train/critic_loss,0.6970373392105103
1330,train/entropy,-5.6656270027160645
1330,train/episode_length_steps,878.9046993506491
1330,train/fps,42185.851120508516
1340,train/reward,1.347118854522705
1340,train/actor_loss,0.05138924717903137
1340,train/critic_loss,0.33962661027908325
1340,train/entropy,-5.589175701141357
1340,train/episode_length_steps,1119.0198959333352
1340,train/fps,42279.12975530077
1350,train/reward,1.3447718620300293
1350,train/actor_loss,0.04111344739794731
1350,train/critic_loss,0.41036587953567505
1350,train/entropy,-5.48384952545166
1350,train/episode_length_steps,984.5334979350276
1350,train/fps,42390.847716602366
1360,train/reward,1.3429195880889893
1360,train/actor_loss,0.03498201072216034
1360,train/critic_loss,0.18229246139526367
1360,train/entropy,-5.3792338371276855
1360,train/episode_length_steps,878.9046993506491
1360,train/fps,42476.86962413241
1370,train/reward,1.343068242073059
1370,train/actor_loss,0.03206637129187584
1370,train/critic_loss,0.31688234210014343
1370,train/entropy,-5.333475589752197
1370,train/episode_length_steps,890.8519337098286
1370,train/fps,42563.24799162066
1380,train/reward,1.3412896394729614
1380,train/actor_loss,0.03601240739226341
1380,train/critic_loss,0.4557587206363678
1380,train/entropy,-5.254699230194092
1380,train/episode_length_steps,948.8958429280851
1380,train/fps,42673.522151871686
1390,train/reward,1.3469188213348389
1390,train/actor_loss,0.037195783108472824
1390,train/critic_loss,0.28986141085624695
1390,train/entropy,-5.209346771240234
1390,train/episode_length_steps,878.9046993506491
1390,train/fps,42764.422763692484
1400,train/reward,1.3424651622772217
1400,train/actor_loss,0.03006422519683838
1400,train/critic_loss,0.31922051310539246
1400,train/entropy,-5.1730194091796875
1400,train/episode_length_steps,935.352867349791
1400,train/fps,42856.46403421027
1410,train/reward,1.3426378965377808
1410,train/actor_loss,0.024074235931038857
1410,train/critic_loss,0.5195209383964539
1410,train/entropy,-5.16356897354126
1410,train/episode_length_steps,884.8379899660755
1410,train/fps,42965.508398077545
1420,train/reward,1.3470348119735718
1420,train/actor_loss,0.024879058822989464
1420,train/critic_loss,0.26240137219429016
1420,train/entropy,-5.127308368682861
1420,train/episode_length_steps,1064.4916662465182
1420,train/fps,43052.97182561349
1430,train/reward,1.3429114818572998
1430,train/actor_loss,0.02548469603061676
1430,train/critic_loss,0.3267533779144287
1430,train/entropy,-5.147326946258545
1430,train/episode_length_steps,779.5822535408565
1430,train/fps,43162.42788330966
1440,train/reward,1.3400297164916992
1440,train/actor_loss,0.02288750372827053
1440,train/critic_loss,0.3572448790073395
1440,train/entropy,-5.196874618530273
1440,train/episode_length_steps,850.393099192874
1440,train/fps,43249.39963052018
1450,train/reward,1.3468892574310303
1450,train/actor_loss,0.025519434362649918
1450,train/critic_loss,0.3529601991176605
1450,train/entropy,-5.205577850341797
1450,train/episode_length_steps,1190.1455022611601
1450,train/fps,43334.15760656971
1460,train/reward,1.3425076007843018
1460,train/actor_loss,0.05434417724609375
1460,train/critic_loss,0.41401544213294983
1460,train/entropy,-5.238802433013916
1460,train/episode_length_steps,896.9481863514969
1460,train/fps,43440.199554929066
1470,train/reward,1.3394516706466675
1470,train/actor_loss,0.030964437872171402
1470,train/critic_loss,0.36383309960365295
1470,train/entropy,-5.22555685043335
1470,train/episode_length_steps,999.549519430452
1470,train/fps,43523.60712717307
1480,train/reward,1.3471406698226929
1480,train/actor_loss,0.024100324138998985
1480,train/critic_loss,0.34953573346138
1480,train/entropy,-5.270341396331787
1480,train/episode_length_steps,909.3944711658012
1480,train/fps,43626.19801449939
1490,train/reward,1.3456878662109375
1490,train/actor_loss,0.024907758459448814
1490,train/critic_loss,0.1916017234325409
1490,train/entropy,-5.285301685333252
1490,train/episode_length_steps,1047.4776400860692
1490,train/fps,43707.64107737699
1500,train/reward,1.3442474603652954
1500,train/actor_loss,0.022658638656139374
1500,train/critic_loss,0.3061010539531708
1500,train/entropy,-5.345464706420898
1500,train/episode_length_steps,723.6306755806095
1500,train/fps,43785.89984376447
1510,train/reward,1.3493515253067017
1510,train/actor_loss,0.026178410276770592
1510,train/critic_loss,0.2083398848772049
1510,train/entropy,-5.380656719207764
1510,train/episode_length_steps,1158.5853265847247
1510,train/fps,43884.55944050937
1520,train/reward,1.3445912599563599
1520,train/actor_loss,0.02870030142366886
1520,train/critic_loss,0.18639253079891205
1520,train/entropy,-5.427199840545654
1520,train/episode_length_steps,884.8379899660755
1520,train/fps,43961.176331888295
1530,train/reward,1.3489902019500732
1530,train/actor_loss,0.02929787151515484
1530,train/critic_loss,0.13882015645503998
1530,train/entropy,-5.510103702545166
1530,train/episode_length_steps,1047.4776400860692
1530,train/fps,44038.520378518966
1540,train/reward,1.3520886898040771
1540,train/actor_loss,0.04362298175692558
1540,train/critic_loss,0.10866307467222214
1540,train/entropy,-5.535252571105957
1540,train/episode_length_steps,1015.0306813839508
1540,train/fps,44134.353229831744
1550,train/reward,1.3505429029464722
1550,train/actor_loss,0.0259217768907547
1550,train/critic_loss,0.08576231449842453
1550,train/entropy,-5.659032821655273
1550,train/episode_length_steps,903.12844929582
1550,train/fps,44210.27503711636
1560,train/reward,1.3513126373291016
1560,train/actor_loss,0.0251369159668684
1560,train/critic_loss,0.19895830750465393
1560,train/entropy,-5.754817485809326
1560,train/episode_length_steps,1030.9989362789295
1560,train/fps,44302.00382140645
1570,train/reward,1.3499305248260498
1570,train/actor_loss,0.03908143565058708
1570,train/critic_loss,0.14386513829231262
1570,train/entropy,-5.809934139251709
1570,train/episode_length_steps,1064.4916662465182
1570,train/fps,44378.29569704628
1580,train/reward,1.352002739906311
1580,train/actor_loss,0.0316220298409462
1580,train/critic_loss,0.13582180440425873
1580,train/entropy,-5.853177547454834
1580,train/episode_length_steps,935.352867349791
1580,train/fps,44455.16257831776
1590,train/reward,1.3489855527877808
1590,train/actor_loss,0.028191400691866875
1590,train/critic_loss,0.13770467042922974
1590,train/entropy,-5.893727779388428
1590,train/episode_length_steps,1039.1729644539928
1590,train/fps,44547.88405534022
1600,train/reward,1.3513604402542114
1600,train/actor_loss,0.03287049010396004
1600,train/critic_loss,0.10359451919794083
1600,train/entropy,-5.9649577140808105
1600,train/episode_length_steps,955.8154697427
1600,train/fps,44622.05576497708
1610,train/reward,1.349912166595459
1610,train/actor_loss,0.0349561981856823
1610,train/critic_loss,0.3792177736759186
1610,train/entropy,-6.015822410583496
1610,train/episode_length_steps,928.7253199635585
1610,train/fps,44694.96579229458
1620,train/reward,1.3482768535614014
1620,train/actor_loss,0.03133735433220863
1620,train/critic_loss,0.31880319118499756
1620,train/entropy,-5.937882423400879
1620,train/episode_length_steps,803.4766056095065
1620,train/fps,44784.53760665458
1630,train/reward,1.3417670726776123
1630,train/actor_loss,0.03404277190566063
1630,train/critic_loss,0.25895097851753235
1630,train/entropy,-5.876027584075928
1630,train/episode_length_steps,896.9481863514969
1630,train/fps,44856.96728366727
1640,train/reward,1.3428359031677246
1640,train/actor_loss,0.03126763924956322
1640,train/critic_loss,0.31996646523475647
1640,train/entropy,-5.83636474609375
1640,train/episode_length_steps,928.7253199635585
1640,train/fps,44945.79909710253
1650,train/reward,1.3495676517486572
1650,train/actor_loss,0.030614841729402542
1650,train/critic_loss,0.1399504691362381
1650,train/entropy,-5.78256368637085
1650,train/episode_length_steps,1007.2306174500739
1650,train/fps,45017.647344521094
1660,train/reward,1.3475821018218994
1660,train/actor_loss,0.029168440029025078
1660,train/critic_loss,0.13806679844856262
1660,train/entropy,-5.820536136627197
1660,train/episode_length_steps,873.0504502092679
1660,train/fps,45089.04823048939
1670,train/reward,1.3554680347442627
1670,train/actor_loss,0.027849538251757622
1670,train/critic_loss,0.08632809668779373
1670,train/entropy,-5.831126689910889
1670,train/episode_length_steps,1022.9524966434373
1670,train/fps,45175.37231974483
1680,train/reward,1.3486902713775635
1680,train/actor_loss,0.027365928515791893
1680,train/critic_loss,0.15610304474830627
1680,train/entropy,-5.777105331420898
1680,train/episode_length_steps,935.352867349791
1680,train/fps,45246.78880346066
1690,train/reward,1.345353603363037
1690,train/actor_loss,0.03394262120127678
1690,train/critic_loss,0.21936345100402832
1690,train/entropy,-5.747962474822998
1690,train/episode_length_steps,884.8379899660755
1690,train/fps,45335.88782466634
1700,train/reward,1.3545293807983398
1700,train/actor_loss,0.02835751511156559
1700,train/critic_loss,0.07693072408437729
1700,train/entropy,-5.730144500732422
1700,train/episode_length_steps,1296.0606212104624
1700,train/fps,45410.176051241055
1710,train/reward,1.3505268096923828
1710,train/actor_loss,0.025049874559044838
1710,train/critic_loss,0.1866997927427292
1710,train/entropy,-5.72577428817749
1710,train/episode_length_steps,984.5334979350276
1710,train/fps,45484.437485752365
1720,train/reward,1.3454511165618896
1720,train/actor_loss,0.030995473265647888
1720,train/critic_loss,0.248907670378685
1720,train/entropy,-5.717204570770264
1720,train/episode_length_steps,1148.4339689720955
1720,train/fps,45574.88990298623
1730,train/reward,1.3498561382293701
1730,train/actor_loss,0.029963646084070206
1730,train/critic_loss,0.1814296543598175
1730,train/entropy,-5.682642936706543
1730,train/episode_length_steps,1022.9524966434373
1730,train/fps,45648.181011318076
1740,train/reward,1.3437232971191406
1740,train/actor_loss,0.03219909593462944
1740,train/critic_loss,0.4540010094642639
1740,train/entropy,-5.653244972229004
1740,train/episode_length_steps,1022.9524966434373
1740,train/fps,45735.233492598556
1750,train/reward,1.3471291065216064
1750,train/actor_loss,0.041175272315740585
1750,train/critic_loss,0.2608509361743927
1750,train/entropy,-5.624541759490967
1750,train/episode_length_steps,671.7126014661571
1750,train/fps,45809.387684139234
1760,train/reward,1.351326584815979
1760,train/actor_loss,0.0294289942830801
1760,train/critic_loss,0.3432009816169739
1760,train/entropy,-5.605845928192139
1760,train/episode_length_steps,1022.9524966434373
1760,train/fps,45878.5351302944
1770,train/reward,1.3461830615997314
1770,train/actor_loss,0.027221670374274254
1770,train/critic_loss,0.2636169195175171
1770,train/entropy,-5.509091377258301
1770,train/episode_length_steps,928.7253199635585
1770,train/fps,45964.6115962917
1780,train/reward,1.3471088409423828
1780,train/actor_loss,0.028679681941866875
1780,train/critic_loss,0.2556348741054535
1780,train/entropy,-5.494675636291504
1780,train/episode_length_steps,1082.0675309469727
1780,train/fps,46035.551461137875
1790,train/reward,1.3427138328552246
1790,train/actor_loss,0.02656329981982708
1790,train/critic_loss,0.20010124146938324
1790,train/entropy,-5.46864652633667
1790,train/episode_length_steps,1007.2306174500739
1790,train/fps,46119.758694299904
1800,train/reward,1.3406150341033936
1800,train/actor_loss,0.02715287171304226
1800,train/critic_loss,0.2519666850566864
1800,train/entropy,-5.439000606536865
1800,train/episode_length_steps,890.8519337098286
1800,train/fps,46187.05397939556
1810,train/reward,1.340651512145996
1810,train/actor_loss,0.02881370484828949
1810,train/critic_loss,0.40845781564712524
1810,train/entropy,-5.44875431060791
1810,train/episode_length_steps,977.1934127239363
1810,train/fps,46254.919905415685
1820,train/reward,1.3448147773742676
1820,train/actor_loss,0.02693372406065464
1820,train/critic_loss,0.2909870445728302
1820,train/entropy,-5.379910945892334
1820,train/episode_length_steps,1100.2335310136384
1820,train/fps,46338.33193128147
1830,train/reward,1.3453032970428467
1830,train/actor_loss,0.02634582482278347
1830,train/critic_loss,0.26881903409957886
1830,train/entropy,-5.347184181213379
1830,train/episode_length_steps,903.12844929582
1830,train/fps,46403.438011232516
1840,train/reward,1.3442912101745605
1840,train/actor_loss,0.03177662193775177
1840,train/critic_loss,0.24556997418403625
1840,train/entropy,-5.352492809295654
1840,train/episode_length_steps,955.8154697427
1840,train/fps,46483.2720960079
1850,train/reward,1.3462505340576172
1850,train/actor_loss,0.024837782606482506
1850,train/critic_loss,0.49488565325737
1850,train/entropy,-5.370063781738281
1850,train/episode_length_steps,955.8154697427
1850,train/fps,46546.53302932499
1860,train/reward,1.3479740619659424
1860,train/actor_loss,0.024776747450232506
1860,train/critic_loss,0.6393160820007324
1860,train/entropy,-5.356075763702393
1860,train/episode_length_steps,942.0756852933614
1860,train/fps,46625.86874299218
1870,train/reward,1.3485686779022217
1870,train/actor_loss,0.028157642111182213
1870,train/critic_loss,0.1798316091299057
1870,train/entropy,-5.3598151206970215
1870,train/episode_length_steps,784.2467497605712
1870,train/fps,46690.041106192184
1880,train/reward,1.3461833000183105
1880,train/actor_loss,0.024125967174768448
1880,train/critic_loss,0.28852948546409607
1880,train/entropy,-5.3845906257629395
1880,train/episode_length_steps,922.191032232558
1880,train/fps,46753.56897174795
1890,train/reward,1.3492512702941895
1890,train/actor_loss,0.02466382458806038
1890,train/critic_loss,0.3423786163330078
1890,train/entropy,-5.378399848937988
1890,train/episode_length_steps,890.8519337098286
1890,train/fps,46833.52580651901
1900,train/reward,1.3449887037277222
1900,train/actor_loss,0.02611188031733036
1900,train/critic_loss,0.357986181974411
1900,train/entropy,-5.378861427307129
1900,train/episode_length_steps,1039.1729644539928
1900,train/fps,46897.599525917816
1910,train/reward,1.3470489978790283
1910,train/actor_loss,0.030423467978835106
1910,train/critic_loss,0.2815499007701874
1910,train/entropy,-5.4093017578125
1910,train/episode_length_steps,1030.9989362789295
1910,train/fps,46976.68052896126
1920,train/reward,1.3505001068115234
1920,train/actor_loss,0.03165578842163086
1920,train/critic_loss,0.32448244094848633
1920,train/entropy,-5.433783531188965
1920,train/episode_length_steps,984.5334979350276
1920,train/fps,47039.87080382475
1930,train/reward,1.3487272262573242
1930,train/actor_loss,0.044110603630542755
1930,train/critic_loss,0.4330247938632965
1930,train/entropy,-5.433263778686523
1930,train/episode_length_steps,867.2736735434524
1930,train/fps,47101.81063189994
1940,train/reward,1.348772406578064
1940,train/actor_loss,0.03100506030023098
1940,train/critic_loss,0.33647018671035767
1940,train/entropy,-5.393062114715576
1940,train/episode_length_steps,844.9113276288067
1940,train/fps,47178.24747149683
1950,train/reward,1.351647138595581
1950,train/actor_loss,0.03148656710982323
1950,train/critic_loss,0.2615288197994232
1950,train/entropy,-5.4382405281066895
1950,train/episode_length_steps,1179.4361166605142
1950,train/fps,47236.80208471317
1960,train/reward,1.3492584228515625
1960,train/actor_loss,0.022979414090514183
1960,train/critic_loss,0.1411321759223938
1960,train/entropy,-5.463532447814941
1960,train/episode_length_steps,1047.4776400860692
1960,train/fps,47312.13815159573
1970,train/reward,1.3408395051956177
1970,train/actor_loss,0.026134086772799492
1970,train/critic_loss,0.19977055490016937
1970,train/entropy,-5.487366199493408
1970,train/episode_length_steps,1128.6557313446654
1970,train/fps,47370.68685759821
1980,train/reward,1.3486530780792236
1980,train/actor_loss,0.031517188996076584
1980,train/critic_loss,0.20542016625404358
1980,train/entropy,-5.562375545501709
1980,train/episode_length_steps,1047.4776400860692
1980,train/fps,47432.16596259975
1990,train/reward,1.3431917428970337
1990,train/actor_loss,0.026887228712439537
1990,train/critic_loss,0.277043879032135
1990,train/entropy,-5.497584342956543
1990,train/episode_length_steps,1015.0306813839508
1990,train/fps,47508.46093857661
2000,train/reward,1.3398125171661377
2000,train/actor_loss,0.024806497618556023
2000,train/critic_loss,0.4693784713745117
2000,train/entropy,-5.410048007965088
2000,train/episode_length_steps,661.5418706259259
2000,train/fps,47577.27589566943
